<?xml version="1.0" encoding="UTF-8"?>
<beans:beans
        xmlns:beans="http://www.springframework.org/schema/beans"
        xmlns="http://www.springframework.org/schema/batch"
        xmlns:xsi="http://www.w3.org/2001/XMLSchema-instance"
        xsi:schemaLocation="http://www.springframework.org/schema/beans http://www.springframework.org/schema/beans/spring-beans.xsd http://www.springframework.org/schema/batch http://www.springframework.org/schema/batch/spring-batch.xsd">
    <job id="KIFVJ001-01-ZZ" incrementer="defaultIncrementer"
         job-repository="jobRepository">
        <description>Test of Job</description>
        <listeners>
            <listener ref="interceptorJobExecutionListener"/>
        </listeners>
		<step id="step_reboot" parent="step_0">
			<next on="COMPLETED" to="fileNamesStep" />
			<end on="FAILED" />
		</step>
        <step id="fileNamesStep" next="fileInReaderStep">
            <tasklet ref="getFileNamesTasklet"/>
            <listeners>
                <listener ref="interceptorStepExecutionListener"/>
                <listener ref="logPlannerInterceptorStepExecutionListener"/>
            </listeners>
        </step>
        <step id="fileInReaderStep" parent="step_1">
            <next on="COMPLETED" to="step2"/>
        </step>

        <step id="step2">
            <tasklet ref="DeleteFile"/>
			<next on="COMPLETED" to="step3"/>
            <listeners>
                <listener ref="interceptorStepExecutionListener"/>
                <listener ref="logPlannerInterceptorStepExecutionListener"/>
            </listeners>
        </step>
        
        <step id="step3">
            <tasklet ref="closeJob"/>
            <listeners>
                <listener ref="interceptorStepExecutionListener"/>
                <listener ref="logPlannerInterceptorStepExecutionListener"/>
            </listeners>
        </step>
    </job>

    <step id="step_1">
        <tasklet>
            <chunk reader="multiResourceReader" processor="" writer="colectionItemWriter" commit-interval="1000"
                   skip-limit="100">

                <skippable-exception-classes>
                    <include class="java.lang.IllegalArgumentException"/>
                    <include class="org.springframework.batch.item.file.FlatFileParseException"/>
                    <include class="org.springframework.batch.item.file.transform.IncorrectLineLengthException"/>
                </skippable-exception-classes>
            </chunk>
			<listeners>
				<listener ref="itemListener" />
			</listeners>
        </tasklet>
        <listeners>
            <listener ref="interceptorStepExecutionListener"/>
            <listener ref="logPlannerInterceptorStepExecutionListener"/>
            <listener ref="chunkListener" />
        </listeners>
    </step>
	<step id="step_0">
		<tasklet ref="reboot"></tasklet>
	</step>

</beans:beans>
