<?xml version="1.0" encoding="UTF-8"?>
<beans xmlns="http://www.springframework.org/schema/beans"
       xmlns:tx="http://www.springframework.org/schema/tx"
       xmlns:xsi="http://www.w3.org/2001/XMLSchema-instance"
       xmlns:context="http://www.springframework.org/schema/context"
       xsi:schemaLocation="http://www.springframework.org/schema/beans
						http://www.springframework.org/schema/beans/spring-beans.xsd
						http://www.springframework.org/schema/context
						http://www.springframework.org/schema/context/spring-context.xsd
						http://www.springframework.org/schema/tx 
						http://www.springframework.org/schema/tx/spring-tx.xsd">

    <!-- KIFVJ001-01-ZZ-beans.xml -->

    <!-- Set to the required transaction manager -->
    <bean id="transactionManager"
          class="org.springframework.batch.support.transaction.ResourcelessTransactionManager"/>

    <bean class="org.springframework.batch.core.scope.StepScope"/>

    <bean id="jobLauncher"
          class="com.bbva.elara.batch.launcher.SimpleJobLauncherBean">
        <property name="job" ref="KIFVJ001-01-ZZ"/>
        <property name="batchLauncher" ref="batchLauncher"/>
        <property name="defaultIncrementer" ref="defaultIncrementer"/>
    </bean>

    <tx:annotation-driven transaction-manager="transactionManager"/>

 	<!--Step 0 Obtener numero de registros leidos en ejecicion previa rearranque  -->
	<bean id="reboot" class="com.bbva.kifv.batch.Reboot" scope="step">
        <property name="mmtpRREA"   ref="mmtpRREA"/>
        <property name="date"       value="#{jobParameters[date]}" />
        <property name="process"    value="#{jobParameters[process]}" />
	</bean>	
	
    <!--Step 1 Obtener ficheros de entrada -->
    <bean id="getFileNamesTasklet" class="com.bbva.kifv.batch.GetFileNames" scope="step">
        <property name="directory"
                  value="#{applicationConfigurationService.getProperty('kifv.ruta.ficheros.entrada')}"/>
    </bean>

    <!--Step 2 Ejecutar tantas veces como ficheros tengamos en el directorio -->
    <bean id="multiResourceReader"
          class=" org.springframework.batch.item.file.MultiResourceItemReader"
          scope="step">
        <property name="resources"
                  value="#{jobExecutionContext[FILESIN]}"/>
        <property name="delegate" ref="itemReaderFileIn1Tasklet"/>
    </bean>

    <!--ItemReader step 2 -->
    <bean id="itemReaderFileIn1Tasklet"
          class="org.springframework.batch.item.file.FlatFileItemReader"
          scope="step">
        <property name="linesToSkip" value="#{jobExecutionContext['skipValue']}" />
        <property name="encoding" value="ISO-8859-1"/>
        <property name="strict" value="false"/>
        <property name="lineMapper">
            <bean
                    class="org.springframework.batch.item.file.mapping.DefaultLineMapper">
                <property name="lineTokenizer">

                    <bean
                            class="org.springframework.batch.item.file.transform.FixedLengthTokenizer">
                        <property name="names"
                                  value="gf_data_date,gf_product_type,gf_commercial_product_id,g_contract_id,
                                        gf_contract_country_id, gf_contract_entity_id,gf_counterpart_id, gf_contract_dependency_id,
                                        gf_contract_id, g_isin_id, gf_market_id, gf_portfolio_parent_id,
                                        gf_investment_product_amount,gf_value_date, gf_currency_id, gf_eu_prd_qtn_amount,
                                        gf_settl_amount,gf_euros_equity_amount, gf_euros_contribution_amount,gf_euros_detractions_amount,
                                        gf_euros_net_cont_amount,gf_curncy_expense_amount,gf_income_amount, gf_euros_derived_prft_amount,
                                        gf_profitability_amount,gf_lcur_qtn_amount,gf_lcur_settl_amount,gf_lcur_equity_amount,
                                        gf_lcur_cont_amount,gf_lcur_detractions_amount,gf_lcur_net_cont_amount,gf_lcur_expenses_amount,
                                        gf_lcur_income_amount,gf_lcur_derived_profit_amount,gf_lcur_daily_profit_amount,gf_transfer_ind_type,
                                        gf_rebalancer_ind_type,gf_audit_insertion_user_id,gf_opern_audit_insert_date,filler"/>

                        <property name="columns"
                                  value="1-10,11-17,18-27,28-77,
                                        78-81,82-85,86-89,90-102,
                                        103-151,152-163,164-195,196-244,
                                        245-270,271-280,281-283,284-310,
                                        311-337,338-364,365-391,392-418,
                                        419-445,446-472,473-499,500-526,
                                        527-553,554-580,581-607,608-634,
                                        635-661,662-688,689-715,716-742,
                                        743-769,770-796,797-823,824-826,
                                        827-829,830-837,838-863,864-"/>
                    </bean>
                </property>
                <property name="fieldSetMapper">
                    <bean class="com.bbva.kifv.batch.Mapper"/>
                </property>
            </bean>
        </property>
    </bean>

    <!--Writer para coleccion generico  -->
    <bean id="colectionItemWriter" class="com.bbva.kifv.batch.WriterContract" scope="step">
        <property name="kifvR002" ref="kifvR002"/>
        <property name="activeCollections" value="#{applicationConfigurationService.getProperty('VAR.ENDPOINT.COLECCIONESACTIVAS')}"/>
        <property name="mmtpRREA" ref="mmtpRREA"/>
        <property name="process"    value="#{jobParameters[process]}" />
        <property name="date"    value="#{jobParameters[date]}" />
    </bean>


    <!-- Step 3 Elimina el fichero -->
    <bean id="DeleteFile"
          class="com.bbva.kifv.batch.DeleteFile" scope="step">
        <property name="files"  value="#{jobExecutionContext[FILESIN]}"/>
    </bean>

    <!-- Step 4 cifras del job -->
    <bean id="closeJob" class="com.bbva.kifv.batch.Listener" scope="step">
    	<property name="mmtpRREA" ref="mmtpRREA"/>
    	<property name="process"    value="#{jobParameters[process]}" />
    	<property name="date"    value="#{jobParameters[date]}" />
    </bean>

	<!-- Listener del chunk -->
	<bean id="chunkListener" class="com.bbva.kifv.batch.Listener" />
	
	<!-- Listener del Reader y Writer-->
	<bean id="itemListener" class="com.bbva.kifv.batch.Listener" scope="step" >
		<property name="mmtpRREA" ref="mmtpRREA"/>
	    <property name="process"    value="#{jobParameters[process]}" />
        <property name="date"    value="#{jobParameters[date]}" />
    </bean>

</beans>
