<?xml version="1.0" encoding="UTF-8" standalone="no"?>
<beans xmlns="http://www.springframework.org/schema/beans" xmlns:osgi="http://www.springframework.org/schema/osgi" xmlns:xsi="http://www.w3.org/2001/XMLSchema-instance" xsi:schemaLocation="http://www.springframework.org/schema/beans       http://www.springframework.org/schema/beans/spring-beans.xsd       http://www.springframework.org/schema/osgi        http://www.springframework.org/schema/osgi/spring-osgi.xsd">

    <osgi:reference filter="(TransactionBatchName=KIFVJ001-01-ZZ)" id="batchLauncher" interface="com.bbva.elara.batch.launcher.BatchLauncher"/>

    <!-- Configuration Service -->
    <osgi:reference bean-name="applicationConfigurationServiceFactory" id="applicationConfigurationServiceFactory" interface="com.bbva.elara.configuration.manager.application.factory.ApplicationConfigurationServiceFactory"/>

    <osgi:reference id="jobRepository" interface="org.springframework.batch.core.repository.JobRepository"/>

    <osgi:reference id="defaultIncrementer" interface="org.springframework.batch.core.JobParametersIncrementer"/>

    <osgi:reference id="interceptorJobExecutionListener" interface="org.springframework.batch.core.JobExecutionListener"/>

    <osgi:reference id="interceptorStepExecutionListener" interface="org.springframework.batch.core.SkipListener"/>

    <osgi:reference id="logPlannerInterceptorStepExecutionListener" interface="org.springframework.batch.core.StepExecutionListener"/>

    <osgi:reference id="contextUtils" interface="com.bbva.elara.batch.contextutils.ContextUtils"/>

    <osgi:reference bean-name="kifvR002" id="kifvR002" interface="com.bbva.kifv.lib.r002.KIFVR002"/>

	<osgi:reference bean-name="mmtpRREA" id="mmtpRREA" interface="com.bbva.mmtp.lib.rrea.MMTPRREA"/>
</beans>
